"";"id";"ttr";"relapse";"grp";"age";"gender";"race";"employment";"yearsSmoking";"levelSmoking";"ageGroup2";"ageGroup4";"priorAttempts";"longestNoSmoke"
"1";21;182;0;"patchOnly";36;"Male";"white";"ft";26;"heavy";"21-49";"35-49";0;0
"2";113;14;1;"patchOnly";41;"Male";"white";"other";27;"heavy";"21-49";"35-49";3;90
"3";39;5;1;"combination";25;"Female";"white";"other";12;"heavy";"21-49";"21-34";3;21
"4";80;16;1;"combination";54;"Male";"white";"ft";39;"heavy";"50+";"50-64";0;0
"5";87;0;1;"combination";45;"Male";"white";"other";30;"heavy";"21-49";"35-49";0;0
"6";29;182;0;"combination";43;"Male";"hispanic";"ft";30;"heavy";"21-49";"35-49";2;1825
"7";16;14;1;"patchOnly";66;"Male";"black";"pt";54;"heavy";"50+";"65+";0;0
"8";35;77;1;"patchOnly";78;"Female";"black";"other";56;"light";"50+";"65+";10;15
"9";54;2;1;"patchOnly";40;"Female";"black";"ft";25;"heavy";"21-49";"35-49";4;7
"10";70;0;1;"patchOnly";38;"Male";"black";"ft";23;"light";"21-49";"35-49";10;90
"11";84;12;1;"patchOnly";64;"Female";"black";"other";30;"heavy";"50+";"50-64";12;365
"12";85;182;0;"combination";51;"Male";"black";"ft";35;"heavy";"50+";"50-64";1;7
"13";25;21;1;"patchOnly";37;"Female";"white";"pt";23;"light";"21-49";"35-49";5;1095
"14";47;3;1;"patchOnly";65;"Male";"white";"other";50;"heavy";"50+";"65+";6;180
"15";59;170;1;"patchOnly";42;"Female";"white";"ft";30;"heavy";"21-49";"35-49";5;240
"16";63;25;1;"patchOnly";40;"Male";"white";"other";22;"heavy";"21-49";"35-49";2;2
"17";102;4;1;"patchOnly";65;"Female";"white";"other";50;"light";"50+";"65+";1;2
"18";3;182;0;"combination";52;"Female";"white";"other";19;"light";"50+";"50-64";1;7
"19";15;140;1;"combination";43;"Male";"white";"ft";27;"heavy";"21-49";"35-49";5;120
"20";32;63;1;"combination";34;"Female";"white";"ft";18;"heavy";"21-49";"21-34";8;90
"21";79;15;1;"combination";46;"Female";"white";"other";26;"heavy";"21-49";"35-49";2;14
"22";90;140;1;"combination";60;"Male";"white";"ft";42;"light";"50+";"50-64";6;2920
"23";110;110;1;"combination";49;"Female";"white";"other";35;"heavy";"21-49";"35-49";10;60
"24";127;182;0;"combination";58;"Female";"white";"ft";38;"heavy";"50+";"50-64";1;0
"25";119;0;1;"patchOnly";48;"Male";"hispanic";"other";33;"heavy";"21-49";"35-49";4;120
"26";33;182;0;"combination";54;"Female";"hispanic";"other";38;"light";"50+";"50-64";30;3650
"27";62;15;1;"patchOnly";49;"Female";"black";"pt";35;"light";"21-49";"35-49";4;540
"28";67;182;0;"patchOnly";55;"Male";"black";"ft";39;"heavy";"50+";"50-64";1;28
"29";112;4;1;"patchOnly";33;"Male";"black";"ft";12;"light";"21-49";"21-34";1;730
"30";60;56;1;"combination";49;"Female";"black";"ft";37;"heavy";"21-49";"35-49";3;2920
"31";93;2;1;"combination";46;"Male";"black";"ft";25;"light";"21-49";"35-49";2;1095
"32";122;80;1;"patchOnly";34;"Female";"other";"ft";18;"heavy";"21-49";"21-34";1;120
"33";130;182;0;"combination";46;"Female";"white";"pt";25;"heavy";"21-49";"35-49";3;365
"34";19;56;1;"patchOnly";52;"Male";"black";"other";25;"light";"50+";"50-64";10;7
"35";65;0;1;"patchOnly";52;"Female";"black";"ft";30;"heavy";"50+";"50-64";2;42
"36";4;14;1;"patchOnly";48;"Female";"white";"ft";34;"heavy";"21-49";"35-49";6;2555
"37";20;14;1;"patchOnly";48;"Female";"white";"ft";39;"heavy";"21-49";"35-49";1;2
"38";22;28;1;"patchOnly";56;"Female";"white";"ft";36;"heavy";"50+";"50-64";5;180
"39";26;182;0;"patchOnly";58;"Male";"white";"other";41;"light";"50+";"50-64";100;180
"40";43;6;1;"patchOnly";60;"Male";"white";"ft";50;"heavy";"50+";"50-64";6;30
"41";107;182;0;"patchOnly";55;"Male";"white";"ft";40;"heavy";"50+";"50-64";1;180
"42";111;14;1;"patchOnly";43;"Female";"white";"ft";28;"heavy";"21-49";"35-49";4;365
"43";117;15;1;"patchOnly";55;"Female";"white";"ft";42;"heavy";"50+";"50-64";2;60
"44";8;182;0;"combination";70;"Female";"white";"other";52;"heavy";"50+";"65+";3;1
"45";12;75;1;"combination";62;"Female";"white";"pt";46;"heavy";"50+";"50-64";8;1095
"46";13;30;1;"combination";86;"Male";"white";"other";40;"light";"50+";"65+";4;2190
"47";23;4;1;"combination";52;"Male";"white";"ft";33;"heavy";"50+";"50-64";2;2
"48";30;56;1;"combination";27;"Female";"white";"ft";13;"light";"21-49";"21-34";1;7
"49";34;182;0;"combination";52;"Male";"white";"ft";35;"heavy";"50+";"50-64";3;730
"50";36;182;0;"combination";62;"Male";"white";"ft";35;"heavy";"50+";"50-64";1;2555
"51";38;5;1;"combination";57;"Female";"white";"ft";47;"heavy";"50+";"50-64";0;0
"52";44;8;1;"combination";40;"Male";"white";"ft";27;"heavy";"21-49";"35-49";2;90
"53";61;140;1;"combination";49;"Male";"white";"other";14;"heavy";"21-49";"35-49";0;0
"54";68;20;1;"combination";68;"Female";"white";"other";53;"heavy";"50+";"65+";0;0
"55";69;63;1;"combination";47;"Female";"white";"pt";15;"heavy";"21-49";"35-49";1;90
"56";82;30;1;"combination";46;"Female";"white";"ft";34;"light";"21-49";"35-49";20;90
"57";97;8;1;"combination";55;"Male";"white";"pt";40;"heavy";"50+";"50-64";6;913
"58";106;50;1;"combination";29;"Male";"white";"ft";12;"heavy";"21-49";"21-34";0;0
"59";114;14;1;"combination";64;"Female";"white";"pt";45;"heavy";"50+";"50-64";4;60
"60";120;0;1;"combination";52;"Male";"white";"ft";38;"heavy";"50+";"50-64";4;7
"61";40;84;1;"patchOnly";38;"Female";"hispanic";"ft";10;"heavy";"21-49";"35-49";2;3
"62";49;0;1;"patchOnly";35;"Male";"hispanic";"other";20;"light";"21-49";"35-49";2;7
"63";125;105;1;"patchOnly";50;"Female";"hispanic";"other";33;"heavy";"50+";"50-64";2;30
"64";123;182;0;"combination";63;"Female";"hispanic";"other";45;"heavy";"50+";"50-64";1;28
"65";7;182;0;"patchOnly";58;"Male";"black";"ft";40;"heavy";"50+";"50-64";0;0
"66";9;182;0;"patchOnly";56;"Male";"black";"ft";16;"light";"50+";"50-64";3;700
"67";37;7;1;"patchOnly";44;"Female";"black";"other";31;"heavy";"21-49";"35-49";2;2
"68";52;182;0;"patchOnly";34;"Female";"black";"ft";20;"heavy";"21-49";"21-34";5;90
"69";86;0;1;"patchOnly";49;"Female";"black";"ft";36;"heavy";"21-49";"35-49";1;6205
"70";94;8;1;"patchOnly";43;"Female";"black";"other";24;"light";"21-49";"35-49";2;3
"71";104;1;1;"patchOnly";39;"Female";"black";"ft";27;"heavy";"21-49";"35-49";1;1
"72";42;182;0;"combination";41;"Female";"black";"ft";20;"light";"21-49";"35-49";6;270
"73";75;12;1;"combination";46;"Female";"black";"other";30;"light";"21-49";"35-49";2;55
"74";100;182;0;"combination";46;"Female";"black";"ft";21;"light";"21-49";"35-49";1;1095
"75";1;49;1;"patchOnly";53;"Female";"white";"pt";18;"heavy";"50+";"50-64";6;3650
"76";6;182;0;"patchOnly";58;"Male";"white";"ft";46;"heavy";"50+";"50-64";10;14
"77";11;182;0;"patchOnly";40;"Female";"white";"ft";25;"heavy";"21-49";"35-49";1;2920
"78";24;2;1;"patchOnly";62;"Female";"white";"other";49;"heavy";"50+";"50-64";1;8
"79";27;182;0;"patchOnly";53;"Male";"white";"ft";38;"heavy";"50+";"50-64";5;1095
"80";31;56;1;"patchOnly";44;"Female";"white";"ft";35;"heavy";"21-49";"35-49";8;180
"81";56;182;0;"patchOnly";64;"Female";"white";"other";47;"heavy";"50+";"50-64";4;365
"82";72;0;1;"patchOnly";50;"Female";"white";"ft";30;"heavy";"50+";"50-64";1;90
"83";78;28;1;"patchOnly";47;"Male";"white";"ft";22;"heavy";"21-49";"35-49";3;4
"84";81;155;1;"patchOnly";49;"Female";"white";"pt";35;"heavy";"21-49";"35-49";1;1095
"85";83;2;1;"patchOnly";51;"Male";"white";"other";36;"heavy";"50+";"50-64";1;5
"86";88;0;1;"patchOnly";41;"Female";"white";"other";26;"heavy";"21-49";"35-49";1;7
"87";91;0;1;"patchOnly";22;"Female";"white";"pt";10;"heavy";"21-49";"21-34";3;2
"88";95;1;1;"patchOnly";22;"Female";"white";"pt";9;"heavy";"21-49";"21-34";2;3
"89";99;140;1;"patchOnly";34;"Female";"white";"ft";18;"light";"21-49";"21-34";2;2190
"90";101;1;1;"patchOnly";48;"Female";"white";"ft";30;"light";"21-49";"35-49";10;1095
"91";115;28;1;"patchOnly";30;"Female";"white";"ft";12;"light";"21-49";"21-34";0;0
"92";116;1;1;"patchOnly";31;"Male";"white";"ft";19;"heavy";"21-49";"21-34";10;120
"93";124;182;0;"patchOnly";44;"Female";"white";"ft";30;"heavy";"21-49";"35-49";1;3
"94";126;77;1;"patchOnly";56;"Female";"white";"ft";44;"heavy";"50+";"50-64";4;1095
"95";129;56;1;"patchOnly";29;"Female";"white";"ft";10;"light";"21-49";"21-34";8;240
"96";2;182;0;"combination";69;"Male";"white";"other";50;"heavy";"50+";"65+";6;5475
"97";5;182;0;"combination";41;"Male";"white";"ft";29;"heavy";"21-49";"35-49";20;180
"98";14;182;0;"combination";52;"Female";"white";"other";33;"heavy";"50+";"50-64";5;270
"99";18;182;0;"combination";52;"Female";"white";"ft";30;"heavy";"50+";"50-64";3;1095
"100";51;182;0;"combination";53;"Male";"white";"ft";30;"heavy";"50+";"50-64";3;3285
"101";57;21;1;"combination";31;"Female";"white";"ft";15;"heavy";"21-49";"21-34";4;90
"102";64;60;1;"combination";70;"Female";"white";"other";54;"heavy";"50+";"65+";1;90
"103";76;0;1;"combination";43;"Male";"white";"other";29;"heavy";"21-49";"35-49";12;6
"104";92;182;0;"combination";58;"Female";"white";"ft";36;"light";"50+";"50-64";2;90
"105";98;65;1;"combination";48;"Female";"white";"ft";34;"heavy";"21-49";"35-49";1000;548
"106";103;182;0;"combination";72;"Male";"white";"other";55;"light";"50+";"65+";30;30
"107";105;182;0;"combination";61;"Female";"white";"other";45;"heavy";"50+";"50-64";1;60
"108";121;182;0;"combination";53;"Female";"white";"ft";41;"heavy";"50+";"50-64";3;60
"109";96;182;0;"combination";63;"Female";"other";"other";52;"heavy";"50+";"50-64";2;180
"110";46;2;1;"combination";40;"Female";"hispanic";"pt";23;"heavy";"21-49";"35-49";2;3
"111";28;40;1;"patchOnly";39;"Female";"black";"ft";20;"light";"21-49";"35-49";3;210
"112";53;100;1;"patchOnly";60;"Female";"black";"ft";20;"light";"50+";"50-64";5;1825
"113";55;1;1;"patchOnly";54;"Female";"black";"other";34;"light";"50+";"50-64";2;365
"114";73;45;1;"patchOnly";68;"Female";"black";"ft";25;"light";"50+";"65+";2;7
"115";77;14;1;"patchOnly";54;"Female";"black";"ft";22;"heavy";"50+";"50-64";5;10
"116";109;30;1;"patchOnly";51;"Male";"black";"other";30;"heavy";"50+";"50-64";2;30
"117";17;42;1;"combination";39;"Female";"black";"ft";23;"light";"21-49";"35-49";2;1825
"118";45;2;1;"combination";47;"Female";"black";"ft";33;"light";"21-49";"35-49";4;365
"119";48;182;0;"combination";33;"Female";"black";"ft";10;"light";"21-49";"21-34";2;1
"120";50;60;1;"combination";27;"Female";"black";"ft";11;"light";"21-49";"21-34";2;14
"121";74;10;1;"combination";45;"Female";"black";"ft";32;"heavy";"21-49";"35-49";1;75
"122";89;0;1;"combination";36;"Female";"black";"ft";20;"heavy";"21-49";"35-49";1;270
"123";108;170;1;"combination";39;"Male";"black";"ft";20;"light";"21-49";"35-49";3;180
"124";118;15;1;"combination";56;"Female";"black";"other";39;"heavy";"50+";"50-64";3;7
"125";128;182;0;"combination";50;"Female";"black";"pt";30;"heavy";"50+";"50-64";0;0
